Company_name,review,no_review,type,region
Vestige Marketing Pvt.ltd,3.8,38,Corporate office,asansol
Larsen & Toubro,4.0,22,Real Estate Builders & Construction Company,asansol
Webel IT Park Asansol Branch,3.8,52,Corporate campus,asansol
The Oriental Insurance Company Limited,3.5,31,Insurance company,asansol
"LIC of India, Divisional Office",4.3,409,Insurance company,asansol
Shadowfax office asansol,1.6,8,Delivery service,asansol
"LIC of India, Satellite Office",3.9,39,Insurance company,asansol
Bike Centre,2.2,22,Helmet Shop,asansol
Max Life Insurance,2.2,9,Insurance company,asansol
Sheth Industries,5.0,27,Paving materials supplier,asansol
CAMS (Computer Age Management System Ltd.),4.7,3,Investment company,asansol
Tata AIG General Insurance Company Limited,3.0,4,Insurance company,asansol
Euraka Forbes Office in Asansol,4.3,4,Office equipment supplier,asansol
Nippon India Mutual Fund,5.0,14,Investment company,asansol
Hindustan Petroleum Corporation Limited,5.0,1,Oil refinery,asansol
93.5 Red Fm Office Asansol,4.0,10,Radio broadcaster,asansol
National Insurance Co Limited,4.0,31,Insurance company,asansol
MOLOY GHATAK OFFICE,5.0,1,Apartment building,asansol
Amazon Easy store Asansol,,,E - Commerce Agency,asansol
Mahindra Finance in Ushagram,,,Financial institution,asansol
STAR HEALTH AND ALLIED INSURANCE COMPANY LIMITED,4.0,6,Health insurance agency,asansol
Star Health Insurance Asansol,3.9,12,Insurance agency,asansol
Blue Dart DHL Office,3.1,118,Courier service,asansol
Myntra delivery office,2.4,8,Delivery service,asansol
ICICI Prudential Life Insurance Company Limited,4.0,1,Insurance company,asansol
Amway India Enterprises Pvt Ltd,4.9,21,Health and beauty shop,asansol
E-Cafe,5.0,8,Internet shop,asansol
Quality Implementation Certification,5.0,4,Consultant,asansol
ANITA & COMPANY,5.0,2,Tax consultant,asansol
National Insurance,3.5,21,Insurance company,asansol
Job mart asansol job placement consultancy,4.6,223,Unemployment office,asansol
SIS (india) ASANSOL,3.2,5,Security service,asansol
Bajaj Allianz General Insurance Company,4.6,12,Insurance agency,asansol
Bharti AXA Life Insurance Co.Ltd,4.2,29,Life insurance agency,asansol
RSS Karyalay Asansol,4.6,48,Social services organization,asansol
Scob Gate,3.8,32,Iron & Steel Industry,asansol
Motilal Oswal Financial Services Limited,4.9,86,Stock broker,asansol
info KING (TIN FC-PAN Centre & Digital Signature Provider),,,Computer support and services,asansol
G4S secure solution(i) pvt ltd. Asansol Branch.,4.7,12,Security guard service,asansol
"STAR HEALTH INSURANCE,Best Health insurance specialist",5.0,3,Health insurance agency,asansol
Religare Securities Limited,2.3,4,Stock broker,asansol
Shriram Finance Limited,,,Financial advisor,asansol
DTDC Express Asansol Retail,4.3,145,Courier service,asansol
P.C.Chatterjee Market,4.1,156,Business center,asansol
Kumarpur Telephone Exchange,3.8,109,Telephone exchange,asansol
TIME TRACK INFO,3.7,26,Appliances customer service,asansol
SkyKing Courier - Asansol,2.0,16,Courier service,asansol
ADDA Industrial Estate,4.5,2,Business park,asansol
JIO FIBER Faizan Ali,3.0,2,Internet service provider,asansol
Blue Dart,3.3,70,Courier service,asansol
Star Health and Allied Insurance Co Ltd,4.0,3,Insurance agency,asansol
Aadhar Housing Finance Ltd,3.1,7,Financial institution,asansol
DTDC International,3.4,49,Courier service,asansol
IIFL Finance,4.0,5,Financial institution,asansol
A MD & Associates - CA in Asansol | Taxation in Asansol | Chartered Accountant,4.9,26,Certified public accountant,asansol
DELHIVERY COURIER SERVICES,4.7,107,Courier service,asansol
Chartered Consultancy Services - CA in Asansol | GST IN ASANSOL,4.8,36,Accountant,asansol
GATI KWE EXPRESS,1.4,11,Courier service,asansol
CYBER CITY,,,Photo shop,asansol
Asansol Jn,4.3,"13,342",Train station,asansol
HDB FINANCIAL SERVICES LTD,,,Financial institution,asansol
HDB Financial Services - Asansol Branch,2.8,18,Financial institution,asansol
Airtel (Customer Care),3.1,35,Telecommunications service provider,asansol
"Dell Exclusive Store - GT Road, Asansol",4.0,103,Computer store,asansol
Motilal Oswal Financial Services Limited,5.0,13,Stock broker,asansol
Chatterjee Plaza.,4.0,423,Market,asansol
Akash Electronics,3.9,10,Electronics store,asansol
in Asansol,,,Psychiatrist,asansol
DTDC,3.4,42,Courier service,asansol
Abandoned - Food Corporation of India (FCI) Warehouse,1.7,7,Warehouse,asansol
PruDent Financial Consultant,,,Financial institution,asansol
West Bengal Electronics Industry Development Corporation Limited,4.2,416,Corporate office,bidhannagar
Cognizant Technology Solutions,4.4,"2,044",Corporate office,bidhannagar
India Power Corporation,4.4,101,Corporate office,bidhannagar
Haldia petrochemicals Ltd.,4.6,215,Corporate office,bidhannagar
Office,5.0,2,Corporate office,bidhannagar
Expertbizz Private Limited,4.4,47,Corporate office,bidhannagar
Jacobs Engineering India Pvt. Ltd.,4.6,47,Corporate office,bidhannagar
B G Distributors Pvt Ltd,4.2,53,Corporate office,bidhannagar
Pine Labs Pvt. Ltd (Kolkata Office),3.0,34,Corporate office,bidhannagar
Tata Power Solar Regional Office East,3.0,2,Corporate office,bidhannagar
Fusion - BPM Solutions Provider in India,3.7,"1,446",Corporate office,bidhannagar
ABCI Infrastructures Corporate Office,3.9,14,Corporate office,bidhannagar
LUX INDUSTRIES LTD,4.4,118,Corporate office,bidhannagar
Nuevotech Industries Private Limited,2.8,4,Corporate office,bidhannagar
Ambuja Neotia Ecostation Business Tower,4.1,223,Corporate office,bidhannagar
cognition group,2.5,8,Corporate office,bidhannagar
Infinity Think Tank,4.4,"2,050",Corporate office,bidhannagar
Bipl Omega Tower,4.4,231,Corporate office,bidhannagar
Bidhannagar Municipal Corporation,1.0,1,Corporate office,bidhannagar
Iskraemeco India Pvt. Ltd.,4.4,12,Corporate office,bidhannagar
Technopolis Building,4.4,"5,618",Corporate office,bidhannagar
Canberg Global Sourcing Pvt. Ltd.,4.1,24,Corporate office,bidhannagar
Markets And Concepts Pvt Ltd,4.4,12,Corporate office,bidhannagar
Wipro Limited,3.8,6,Corporate office,bidhannagar
The West Ben­gal Power Devel­op­ment Cor­po­ra­tion Limited,4.3,173,Corporate office,bidhannagar
Perfetti Van Melle India Pvt Ltd. (East Branch office),4.4,21,Corporate office,bidhannagar
CogentHub Private Limited,3.4,362,Corporate office,bidhannagar
Esri India Technologies Ltd.,5.0,4,Corporate office,bidhannagar
NSIC,4.3,31,Corporate office,bidhannagar
RELIANCE CORPORATE IT PARK LIMITED,4.7,66,Corporate office,bidhannagar
Hotel Sonar Bangla Corporate Office,4.6,30,Corporate office,bidhannagar
OnProcess Technology,4.0,145,Corporate office,bidhannagar
Shristi Infrastructure Development Corp. Ltd,4.1,100,Corporate office,bidhannagar
Martin Burn Business Park,4.4,"2,183",Corporate office,bidhannagar
Microsoft Corporation India Pvt Ltd (Kolkata Office),4.5,34,Corporate office,bidhannagar
LINXON INDIA PVT LTD,5.0,2,Corporate office,bidhannagar
Nipl Head Office,4.7,10,Corporate office,bidhannagar
Reckitt Benckiser East Regional Office,4.5,4,Corporate office,bidhannagar
EN - 6,4.7,7,Corporate office,bidhannagar
Shera Hosiery Corporate Office,2.5,2,Corporate office,bidhannagar
Goldstone Cements Limited,4.8,6,Corporate office,bidhannagar
Adventz Infinity@ 5,4.5,456,Corporate office,bidhannagar
Salescom Services Private limited,4.3,20,Corporate office,bidhannagar
Wipro Tower 1,4.5,64,Corporate office,bidhannagar
Bandhan Bank Head Office,4.1,411,Corporate office,bidhannagar
Millennium City IT Park (Rungta Group),4.5,"1,332",Corporate office,bidhannagar
McNROE Consumer Products Pvt Ltd,4.0,87,Corporate office,bidhannagar
Vooraf Technology Pvt. Ltd.,3.9,52,Corporate office,bidhannagar
Paapri Cloud Technologies,4.7,33,Corporate office,bidhannagar
Amul Office,4.2,161,Corporate office,bidhannagar
Machinesense,4.1,29,Corporate office,bidhannagar
PwC SDC Kolkata Private limited,4.5,413,Corporate office,bidhannagar
Wizertech Informatics Pvt. Ltd.,4.4,83,Corporate office,bidhannagar
Lupin LTD.,4.7,26,Corporate office,bidhannagar
Cummins Office,5.0,2,Corporate office,bidhannagar
Bengal Shristi,4.1,14,Corporate office,bidhannagar
Infinity BenchMark,4.4,"1,048",Corporate office,bidhannagar
EVAC ENGINEERING PROJECTS PVT. LTD.,4.5,18,Corporate office,bidhannagar
"Protiviti, Kolkata",4.6,39,Corporate office,bidhannagar
Arora Group Sandmines,4.3,313,Corporate office,bidhannagar
Omega Tower North,4.4,28,Corporate office,bidhannagar
All India Jio Tower Installation Company,5.0,1,Corporate office,bidhannagar
"Greaves Cotton Ltd, Kolkata Office",4.3,4,Corporate office,bidhannagar
NLB Technology Services Private Ltd.,4.2,23,Corporate office,bidhannagar
MOL Sector V,5.0,2,Corporate office,bidhannagar
Kredent Group,4.2,100,Corporate office,bidhannagar
Sodexo Kolkata,4.4,49,Corporate office,bidhannagar
ANTARIKSH TECH PARK,3.9,16,Corporate office,bidhannagar
TTK Prestige Headquarters,,,Corporate office,bidhannagar
Oracle India Pvt. Ltd.,4.8,9,Corporate office,bidhannagar
Aidni Infotech Private Limited,4.2,100,Corporate office,bidhannagar
Progility Technologies Pvt. Ltd.,3.6,5,Corporate office,bidhannagar
Sanhita,,,Corporate office,bidhannagar
ITD Cementation India Limited,4.8,19,Corporate office,bidhannagar
Magnacon Electricals (I) Ltd,4.5,65,Corporate office,bidhannagar
Imagine Tech Park - Genpact Kolkata Salt Lake Sector V,4.7,146,Corporate office,bidhannagar
PwC Magnacon,4.8,45,Corporate office,bidhannagar
Office Stesalit Towers,4.1,320,Corporate office,bidhannagar
Techno India Group,4.1,"3,361",Corporate office,bidhannagar
PS Srijan Corporate Park,4.4,674,Corporate campus,bidhannagar
PALLISHREE LIMITED Best Seeds Producer,4.9,24,Corporate office,bidhannagar
Systron Building,4.1,56,Corporate office,bidhannagar
DHL Smart Trucking East Regional Office,,,Corporate office,bidhannagar
Second Vivekananda Bridge Tollway Company Private Limited (Corporate Office),1.0,2,Corporate office,bidhannagar
BIZOFLY INDIA PVT LTD,3.7,3,Corporate office,bidhannagar
Signet Tower,4.0,210,Corporate office,bidhannagar
"Godrej Waterside - Tower 2, Kolkata",4.5,"1,471",Corporate office,bidhannagar
3rd.Life,3.5,88,Corporate office,bidhannagar
PTI Building,4.1,54,Corporate office,bidhannagar
Eternity Building,4.1,156,Corporate office,bidhannagar
"Jio Regional Office, Kolkata",4.1,144,Corporate office,bidhannagar
Om Innovation,2.8,78,Corporate office,bidhannagar
Acknit Industries Limited,4.3,9,Corporate office,bidhannagar
USV Private Limited Kolkata Regional Office,4.0,23,Corporate office,bidhannagar
Pauro Bhaban,4.7,3,Corporate office,bidhannagar
Teleminds Infotech Pvt. Ltd.,3.2,270,Corporate office,bidhannagar
Linc Pen & Plastics Pvt Ltd,4.9,12,Corporate office,bidhannagar
Merlin Infinite,4.4,"1,330",Corporate office,bidhannagar
RT NETWORK SOLUTIONS PVT LTD,3.9,64,Corporate office,bidhannagar
Indorama Industries Limited,5.0,1,Corporate office,bidhannagar
Hiranmaye Energy Limited,,,Corporate office,bidhannagar
Baazar Kolkata Head Office,4.2,83,Corporate office,bidhannagar
Primarc Tower,4.1,200,Corporate office,bidhannagar
ACCE GLOBAL SOFTWARE,3.9,133,Corporate office,bidhannagar
Cloud Vista Services,3.8,48,Corporate office,bidhannagar
Soffront Software Pvt Ltd,4.0,27,Corporate office,bidhannagar
Regaal Resources Limited,4.4,23,Corporate office,bidhannagar
Sterling and Wilson Ltd.,4.3,124,Corporate office,bidhannagar
Press Trust Of India (PTI) Eastern Region HQ,4.0,4,Corporate office,bidhannagar
HDFC Sales Corporate Office,4.6,16,Corporate office,bidhannagar
Imagine Techpark,4.2,6,Corporate office,bidhannagar
Godrej Genesis,3.7,"1,260",Building design company,bidhannagar
Shilpangan,4.0,196,Corporate office,bidhannagar
Deloitte Haskins & Sells,4.8,19,Corporate office,bidhannagar
Srijan Techpark,4.3,"1,739",Corporate office,bidhannagar
Sidco Global Tower,4.1,106,Corporate office,bidhannagar
GPT Group,4.4,134,Corporate office,bidhannagar
The Meridian,3.9,95,Corporate office,bidhannagar
EPTISA,4.2,39,Corporate office,bidhannagar
Zucol Group (Locus Rags),3.2,56,Corporate office,bidhannagar
Reliance Jio Office,3.4,22,Back Office,darjeeling
"LIC of India, Branch Office",3.7,40,Insurance company,darjeeling
Max Life Insurance,3.5,19,Insurance company,darjeeling
Bajaj Allianz Life Insurance Company Limited,3.6,27,Life insurance agency,darjeeling
Ecom Express,2.2,171,Logistics service,darjeeling
Airtel Store,3.6,58,Telecommunications service provider,darjeeling
Clubside Tours and Travels Pvt. Ltd.,4.5,56,Travel agency,darjeeling
Bajaj Finserv Service Branch,5.0,1,Financial institution,darjeeling
Darjeeling Times,2.5,2,Media company,darjeeling
Ashmita Trek & Tours,4.6,268,Tour operator,darjeeling
BLUE DART / DHL,2.4,46,Courier service,darjeeling
Garg Bhawan,,,Housing complex,darjeeling
DTDC COURIER SERVICE DARJEELING,1.7,13,Courier service,darjeeling
Post Office Bazar,3.9,9,Post office,darjeeling
Happy Valley Tea Estate,4.4,"2,227",Garden,darjeeling
Hotel lalit cottage Darjeeling,5.0,1,Apartment building,darjeeling
Moktan La Dhim,1.0,2,Apartment building,darjeeling
Heyagriva the comfort Everest Home stay,4.9,411,2-star hotel,darjeeling
Prayas Services (Vodafone Store),1.5,2,Electronics store,darjeeling
Anutri Hill Resort,4.6,676,Hotel,darjeeling
CISF CAMP (UNIT TLD -III) Darjeeling,4.3,7,Government office,darjeeling
Nepal Curio House,3.4,20,Antique store,darjeeling
MJB Group,4.2,23,Corporate office,darjeeling
Darjeeling,,,West Bengal,darjeeling
Glenburn Tea Estate,4.8,894,3-star hotel,darjeeling
Darjiling,,,West Bengal,darjeeling
Bhola Bhawan,5.0,1,Condominium complex,darjeeling
Pineridge Travels,4.3,6,Travel agency,darjeeling
Ingram Durgapur,3.7,7,Corporate office,durgapur
alstom office,4.1,15,Corporate office,durgapur
Webel IT PARK - Durgapur,4.2,566,Corporate office,durgapur
"R. S. CONSTRUCTION & CO, Head Office",3.5,4,Corporate office,durgapur
Lnt Durgapur,4.3,31,Corporate office,durgapur
"Amul Office,GCMMF LTD, DURGAPUR DEPOT",4.6,9,FMCG Manufacturer,durgapur
Pinnacle Infotech Solutions,4.3,635,Corporate office,durgapur
Suguna office,5.0,4,Corporate office,durgapur
Touchteck Facility Management Services Pvt. Ltd.,5.0,1,Corporate office,durgapur
KMC & COMPANY,5.0,4,Corporate office,durgapur
Future Group of Company (Corporate Office),2.9,12,Security guard service,durgapur
Toolsvilla.com,4.4,"1,727",E - Commerce Agency,durgapur
ColorBracket Technologies LLP,4.4,17,Corporate office,durgapur
"City Centre, Durgapur",4.2,"6,876",Corporate office,durgapur
SS Solution | Durgapur,3.6,52,Corporate office,durgapur
SASP & Associates ( Chartered Accountant),4.7,42,Corporate office,durgapur
l&t workshop with office,4.8,12,Mining equipment,durgapur
AGE Durgapur,,,Corporate office,durgapur
Food Corporation Of India,3.4,14,Government office,durgapur
Shyam Steel Industries Ltd.,4.2,121,Manufacturer,durgapur
Ambey Mining Pvt. Ltd.,4.1,63,Mining company,durgapur
"Office Of The Divisional Manager, WBSEDCL",3.4,7,Corporate office,durgapur
"Zonal Ordanance Factory, CISF DSP DURGAPUR",4.8,4,Electronics store,durgapur
Loombiz Consultancy Pvt Ltd,4.4,"1,448",Corporate office,durgapur
Angel Broking,4.2,5,Corporate office,durgapur
Durgapur Iron & Steel Co. Pvt. Ltd.,3.1,9,Iron & Steel Industry,durgapur
Durgapur Iron & Steel Shop,4.3,35,Iron & Steel Store,durgapur
ICICI Prudential Life Insurance Company Limited,3.6,39,Insurance company,durgapur
SPS Steels Rolling Mills Limited - Structure Mill,3.8,25,Steel construction company,durgapur
"Durgapur Area Office, WBSETCL",2.4,9,Electric utility company,durgapur
SASP & Associates Office.,3.2,5,Corporate office,durgapur
L&T construction & Mining Machinery,4.3,10,Real Estate Builders & Construction Company,durgapur
S.P.S. Steels Rollings Mills Ltd.,3.9,23,Iron & Steel Industry,durgapur
BusyBess Logistics Solutions Pvt. Ltd,3.5,2,Corporate office,durgapur
Future Group Of Company,4.0,4,Security service,durgapur
Neck Down Generation Pvt. Ltd.,4.0,55,BPO Company,durgapur
Indian Oil Corporation Limited,4.3,116,Oil & natural gas company,durgapur
Eureka Forbes Ltd,3.7,3,Water purification company,durgapur
Metcon Power Consultant & Engineers,4.9,11,Corporate office,durgapur
COSTEEL PROCESSING PRIVATE LTD.,3.0,1,Steel fabricator,durgapur
Nippon India Mutual Fund,5.0,21,Investment company,durgapur
Cholamandalam MS General Insurance Company Ltd,3.9,47,Insurance company,durgapur
Kamdhenu,4.5,2,Steel fabricator,durgapur
Durgapur,,,Home automation company,durgapur
"Heartnsoul Soft Private Limited - Website and Mobile App Development Company, India",3.2,43,Software company,durgapur
PAN OFFICE - NSDL DURGAPUR,,,Legal services,durgapur
"CISF UNIT , DTPS.",3.9,111,Corporate office,durgapur
"Durgapur Industrial Park-II, WBSIDC Ltd",,,Government office,durgapur
Code Galaxy,4.4,16,Software company,durgapur
National Insurance Co Ltd,3.9,143,Insurance company,durgapur
BARUI SAFETY MATERIAL SUPPLY,5.0,11,Industrial equipment supplier,durgapur
"Tata Capital- Apply for Commercial & SME Finance Loan, Business Loan and other Loans in Durgapur",3.1,18,Financial consultant,durgapur
Edelweiss Tokio Life Insurance Company Ltd. - Durgapur Branch,3.5,13,Insurance company,durgapur
"WBECSC Ltd., DURGAPUR, PASCHIM BARDHAMAN",4.5,6,District government office,durgapur
Sis India Ltd,4.1,39,Security service,durgapur
Asansol Durgapur Development Authority,3.9,47,State government office,durgapur
Star Health and Allied Insurance Co Ltd,3.6,18,Insurance company,durgapur
IGMI LEAD CONSULTANCY PVT LTD| WEB DEVELOPMENT| SOFTWARE DEVELOPMENT,4.2,42,Website designer,durgapur
SBI Life Insurance Company Limited,4.0,76,Insurance company,durgapur
Future Generali India Life Insurance Co. Ltd,4.4,50,Insurance company,durgapur
Bharti Axa Life Insurance Company Limited,4.0,1,Insurance agency,durgapur
"LIC of India, Branch Office",4.0,102,Insurance company,durgapur
Bharti Airtel Zonal Office,4.8,12,Telecommunications service provider,durgapur
"LIC of India, Branch Office",4.0,68,Insurance company,durgapur
Industrial Area,,,"Durgapur, West Bengal",durgapur
Durgapur Jobs | City Jobs | Job Vacancy News,3.6,16,Employment consultant,durgapur
"Durgapur Field Zonal Office, WBSETCL",3.7,6,Government office,durgapur
National Insurance,3.3,4,Insurance company,durgapur
BSNL Customer Service Centre,3.5,131,Telephone company,durgapur
Reliance General Insurance Company Limited,3.1,9,Insurance agency,durgapur
YCFC INDIA,3.1,34,Stock broker,durgapur
Gowebbi,3.4,82,Website designer,durgapur
Bajaj Allianz Life Insurance Company Limited,3.4,23,Life insurance agency,durgapur
Cholamandalam Investment and Finance Company Limited,1.0,1,Loan agency,durgapur
Security Guard Office,2.4,5,Security guard service,durgapur
Elegant Steel SPS Housing Complex,4.3,3,Housing authority,durgapur
ICICI Prudential Mutual Fund,4.0,1,Financial institution,durgapur
Zomato Order Point,5.0,1,Food broker,durgapur
Piramal Capital & Housing Finance Limited,4.1,8,Loan agency,durgapur
Ultra Job Consultancy & Management Services,4.7,53,Employment consultant,durgapur
Ecom Express,2.7,104,Logistics service,durgapur
Future Generali Insurance,3.8,5,Insurance company,durgapur
Bajaj Allianz General Insurance Company,3.8,8,Insurance agency,durgapur
The Professional Couriers,1.8,60,Courier service,durgapur
Income Tax Commissioner,4.3,4,Government office,durgapur
Durgapur WB,,,Housing society,durgapur
Integrated Security Services,4.0,13,Security guard service,durgapur
SRI MURUGAN TRANSPORT,4.9,65,Transportation service,durgapur
ABP,3.8,13,News service,durgapur
Cornerstone Architects,5.0,8,Architecture firm,durgapur
SBI General Insurance Company Limited,3.8,23,Auto electrical service,durgapur
Bajrang Trading.,3.0,1,Water purification company,durgapur
ICICI Prudential,3.8,6,Insurance agency,durgapur
Canara HSBC Life Insurance,4.3,7,Life insurance agency,durgapur
MakeMyTrip India Private Limited,3.2,18,Travel agency,durgapur
The Oriental Insurance Company Ltd.,,,Insurance company,durgapur
Sen Brothers Enterprises (Pvt.) Ltd.,3.7,3,General contractor,durgapur
HDFC Life,3.8,6,Insurance company,durgapur
Angel broking,5.0,1,Market researcher,durgapur
Haldia SDO Office Administrative Building,4.0,105.0,Corporate office,haldia
Haldia Energy Limited (Technical Building),4.8,9.0,Corporate office,haldia
C.I.S.F HEADQUARTERS,4.6,9.0,Corporate office,haldia
South Gate # Haldia Pertochemicals Ltd.,5.0,2.0,Chemical Manufacturer,haldia
EMAMI AGROTECH LTD,4.3,74.0,Manufacturer,haldia
MCPI Private Limited,4.1,47.0,Chemical plant,haldia
"IOCL HALDIA ADMINISTRATIVE BUILDING, HALDIA",,,Oil refinery,haldia
Software Technology Parks of India,2.9,11.0,Government office,haldia
HALDIA INDUSTIRAL ESTATE,,,Corporate office,haldia
Plant And Equipment Haldia Dock Complex,,,Corporate office,haldia
Petro Carbon & Chemicals Pvt. Ltd.,3.4,8.0,Chemical Manufacturer,haldia
Haldia Energy Limited,4.2,442.0,Power station,haldia
Indorama India Pvt. Ltd.,4.2,87.0,Chemical plant,haldia
LTC GROUP OF CO.,3.9,131.0,Real Estate Builders & Construction Company,haldia
Coast guard DHQ,4.4,21.0,Corporate office,haldia
Power Plant (Haldia Petrochemicals Ltd.),4.0,4.0,Power station,haldia
Haldia Solution,5.0,1.0,Services Companies,haldia
Haldia Pertochemicals Ltd. Gate 3,4.3,20.0,Logistics service,haldia
HALDIA CONSTRUCTION HUB,5.0,1.0,Construction Material Wholesaler,haldia
Indian Oil Corporation Ltd Haldia Refinery,4.3,226.0,Oil refinery,haldia
"LIC of India, Branch Office",4.2,111.0,Insurance company,haldia
National Insurance - Durgachak-Haldia Office,3.9,36.0,Insurance company,haldia
HALDIA DEVELOPMENT AUTHORITY,,,Real Estate Builders & Construction Company,haldia
UPL LIMITED,3.8,19.0,Chemical plant,haldia
Webel IT Park,4.3,103.0,Office equipment rental service,haldia
Haldia Dock Complex,4.2,229.0,Port operating company,haldia
"Ekart logistic courier office,Haldia",3.7,79.0,Courier service,haldia
Bajaj Allianz Life Insurance Company Limited,3.9,40.0,Life insurance agency,haldia
Lalbaba Seamless Tubes Pvt. Ltd.,4.2,41.0,Pipe Manufacturer,haldia
Durgachak Post Office,3.3,4.0,Mailing service,haldia
Girindra H P Gas Service,3.4,40.0,Gas Agency,haldia
Karvy Stock Broking Limited,1.0,2.0,Stock broker,haldia
Gst office holdia,4.2,6.0,Office space rental agency,haldia
Force Security Group,2.8,4.0,Security guard service,haldia
Haldia Development Authority,4.1,64.0,Economic development agency,haldia
Blue Dart Express Limited,3.2,84.0,Courier service,haldia
Blue dart,2.6,34.0,Courier service,haldia
Bajaj Allianz Life Insurance Comp. Ltd,3.6,5.0,Life insurance agency,haldia
Haldia Engineering Co,3.8,4.0,Corporate office,haldia
HALDIA INFORMATION TECHNOLOGIES,4.0,4.0,Software company,haldia
zomato Office,1.0,5,Corporate office,hoogly
Cams Office,3.8,29,Corporate office,hoogly
IFABEX TECHNOLOGIES (HQ),5.0,3,Electronics manufacturer,hoogly
Raado & Company,5.0,1,Manufacturer,hoogly
Head Office Furfura Sharif Ahale Sunnatul Jamat,4.5,200,Corporate office,hoogly
Shivshakti Agro India Limited,3.5,6,Manufacturer,hoogly
"Beltala, Chamrail",4.2,32,Corporate office,hoogly
Turtle Limited Head Office,4.1,11,Corporate office,hoogly
Ramkishan Packaging Private Limited,5.0,2,Packaging company,hoogly
DALHOUSIE JUTE COMPANY,4.2,11,Jute Mill,hoogly
NGB HQ Industrial Unit,4.3,37,Engineering consultant,hoogly
Sastaa Nashaa HQ,5.0,1,Tea Manufacturer,hoogly
S. M. Group,3.0,1,Corporate office,hoogly
Waaree Solar Power Centre - Pho-Com-Net Pvt Ltd,4.4,33,Corporate office,hoogly
SBI Life Insurance Co Ltd,3.7,10,Insurance company,hoogly
"SDO Office Chinsurah (Sadar sub-division, Hooghly district)",4.0,14,Government office,hoogly
"SINGUR B.D.O. OFFICE, HOOGHLY, WEST BENGAL.",4.1,38,State government office,hoogly
Canvascom Engineering & Software Services,5.0,12,Corporate office,hoogly
Matrix Rope Nets Solutions (Kolkata - HQ),,,Manufacturer,hoogly
MedPlus Office,3.6,84,Corporate office,hoogly
Orchid DMC Private Limited,5.0,3,Corporate office,hoogly
White Owl Services,,,Corporate office,hoogly
Hindustan Motors Limited,4.2,10,Corporate office,hoogly
Sriram Associates Private Limited,,,Corporate office,hoogly
Titagarh Group,4.5,79,Corporate office,hoogly
Airtel Office Tarakeswar,3.6,49,Telecommunications service provider,hoogly
N.J.M.C. Ltd.,4.7,6,Corporate office,hoogly
Ceasefire Industries Private Limited,4.9,14,Corporate office,hoogly
Heinz India Pvt Ltd,3.8,13,Corporate office,hoogly
LINXON INDIA PVT LTD,5.0,2,Corporate office,hoogly
Office,3.0,2,Corporate office,hoogly
DVC Towers Kolkata,4.4,328,Corporate office,hoogly
ollypop house,3.8,32,Corporate office,hoogly
HEAD OFFICE (Indian National Trinomul Trade Union Congress),3.7,3,Corporate office,hoogly
IRCON Regional Office,4.6,12,Corporate office,hoogly
Hindusthan National Glass & Industries Ltd,4.0,57,Corporate office,hoogly
OnProcess Technology,4.0,145,Corporate office,hoogly
Microsoft Corporation India Pvt Ltd (Kolkata Office),4.5,34,Corporate office,hoogly
Teoco Software Pvt. Ltd.,4.4,69,Corporate office,hoogly
Exide Industries Limited,4.2,214,Corporate office,hoogly
Esri India Technologies Ltd.,5.0,4,Corporate office,hoogly
Mondelez International,3.8,8,Corporate office,hoogly
Spencers Retail Limited,4.0,131,Corporate office,hoogly
PUMA Regional Office East,5.0,3,Corporate office,hoogly
Eveready Industries India Ltd.,4.4,112,Corporate office,hoogly
Hooghly,,,West Bengal,hoogly
Britannia Industries Limited,3.8,35,Corporate office,hoogly
Dongfang Electric (I) Pvt. Ltd.,4.3,195,Corporate office,hoogly
Shantinath Detergent Pvt. Ltd.,5.0,7,Chemical Manufacturer,hoogly
Denave India Pvt. Ltd.,3.6,11,Corporate office,hoogly
Mankind Pharma office,4.1,15,Corporate office,hoogly
ITC Limited,4.6,312,Corporate office,hoogly
Fusion - BPM Solutions Provider in India,3.7,"1,446",Corporate office,hoogly
Khadim India Ltd. Corporate Office,4.3,116,Corporate office,hoogly
Ashirvad Food Products Pvt. Ltd.,3.1,7,Corporate office,hoogly
Toshiba Transmission & Distribution Systems (India) Pvt. Ltd.,4.5,10,Corporate office,hoogly
McNROE Consumer Products Pvt Ltd,4.0,87,Corporate office,hoogly
Emami Agrotech Limited,4.4,177,Corporate office,hoogly
Universal Corporation Ltd.,2.9,44,Corporate office,hoogly
MSTC LIMITED,3.8,11,Corporate office,hoogly
Sankalp Semiconductor Pvt Ltd,4.6,25,Corporate office,hoogly
"Panasonic India pvt ltd, Kolkata main Office",3.9,54,Corporate office,hoogly
SMSRC Private Limited,3.8,28,Corporate office,hoogly
Birla Buildings Limited,4.4,544,Corporate office,hoogly
Kantar operations(IMRB),4.3,48,Corporate office,hoogly
"Protiviti, Kolkata",4.6,39,Corporate office,hoogly
DM Aromatics,5.0,1,Corporate office,hoogly
J.B. Norton & Co.,4.4,5,Corporate office,hoogly
SAMSUNG INDIA ELECTRONICS PVT. LTD,3.6,22,Corporate office,hoogly
Dalmia Office,3.8,18,Corporate office,hoogly
Genpact India,4.3,879,Corporate office,hoogly
Sodexo Kolkata,4.4,49,Corporate office,hoogly
Magpet Polymers Pvt Ltd. (Corporate Office),4.6,17,Corporate office,hoogly
Garena,4.0,24,Corporate office,hoogly
Bandhan Bank Head Office,4.1,411,Corporate office,hoogly
Safechem Industries,4.0,4,Chemical Manufacturer,hoogly
"Vector Finance Corporate Office, Kolkata",3.9,7,Corporate office,hoogly
Magnacon Electricals (I) Ltd,4.5,65,Corporate office,hoogly
Bata Registered Office,4.2,25,Corporate office,hoogly
Garware Technical Fibres,4.7,3,Corporate office,hoogly
LUX INDUSTRIES LTD,4.4,118,Corporate office,hoogly
IFB Industries Limited,2.8,13,Manufacturer,hoogly
Sequel Logistics Private Limited,4.0,8,Corporate office,hoogly
United Tower,4.5,777,Corporate office,hoogly
Conversys,3.0,2,Corporate office,hoogly
Indian Public Health Association HQ,5.0,2,Corporate office,hoogly
HPCL GMO & EZ Office,4.5,138,Corporate office,hoogly
Nistula Business Solution Private Limited,5.0,2,Corporate office,hoogly
Central Inland Water Transport Corporation Limited,3.3,12,Government office,hoogly
Indian Chamber of Commerce,4.4,173,Corporate office,hoogly
Alkem Laboratories Ltd,4.5,6,Pharmaceutical company,hoogly
The West BenÂ­gal Power DevelÂ­opÂ­ment CorÂ­poÂ­raÂ­tion Limited,4.3,173,Corporate office,hoogly
Monginis Head office,4.4,8,Corporate office,hoogly
"Godrej Waterside - Tower 2, Kolkata",4.5,"1,471",Corporate office,hoogly
"Kantar IMRB, Kolkata",3.8,69,Corporate office,hoogly
Krypton Industries Limited,4.8,15,Corporate office,hoogly
Finarb consulting,4.4,119,Corporate office,hoogly
ITC Centre,4.6,279,Corporate office,hoogly
Coldex Logistics Pvt. Ltd.,3.0,2,Corporate office,hoogly
SpeedLabs,4.0,4,Corporate office,hoogly
The Hooghly Mills Co Limited,,,,hoogly
Inspira Group,,,Corporate office,hoogly
Hamon Research-Cottrell,5.0,1,Corporate office,hoogly
Danone Kolkata,5.0,4,Corporate office,hoogly
"Whirlpool of India Ltd. Regional official, Kolkata",2.6,9,Corporate office,hoogly
Howrah Business Corporation Private Limited,Corporate office,,,howrah
Turtle Limited Head Office,Corporate office,4.1,11,howrah
"Beltala, Chamrail",Corporate office,4.2,32,howrah
"CESC Limited, Howrah Regional Office",Electric utility company,3.5,177,howrah
HOWRAH FABRICATORS,Corporate office,5.0,4,howrah
Howrah Industrial Estate I.W.Association,Corporate office,4.6,5,howrah
Shivanti Advisory Services Pvt Ltd.,Corporate office,,,howrah
HP Gas Office,Gas Agency,3.6,41,howrah
A.J. Cast Alloys Pvt.Ltd.,Corporate office,3.2,17,howrah
SANJAY CASTING & ENGINEERING COMPANY,Manufacturer,3.0,2,howrah
Sahara India,Corporate office,2.0,5,howrah
Hoogly Dock and Port Engineers Company Limited,Port,4.1,648,howrah
Apogee Industries,Manufacturer,4.9,9,howrah
CHANDRA UDYOG,Manufacturer,3.7,3,howrah
Matrix Rope Nets Solutions (Kolkata - HQ),Manufacturer,,,howrah
Dhulagarh Industrial Park,Corporate office,4.2,194,howrah
CERATIZIT INDIA PVT LTD,Mechanical engineer,4.5,74,howrah
"Platform Inspector Of Police Office, Platform No 21, Howrah Stn New Complex",Railroad company,3.5,2,howrah
Canvascom Engineering & Software Services,Corporate office,5.0,12,howrah
Saraswati Industrial Complex,Manufacturer,4.1,133,howrah
RADHA DEVI CHEMICAL,Manufacturer,,,howrah
Coldex Logistics Pvt. Ltd.,Corporate office,3.0,2,howrah
Office,Corporate office,3.0,2,howrah
S. P. ENGINEERING WORKS,Industrial consultant,5.0,2,howrah
Sriram Associates Private Limited,Corporate office,,,howrah
MA-LAKSHMI TRADING CONCERN,Manufacturer,4.0,4,howrah
"Fairlie Place, Eastern Railway Head Office",Corporate office,4.2,"1,175",howrah
Jindal (India) Limited,Corporate office,4.1,16,howrah
GC Supplier - Distributor & Super Stockiest,Wholesaler,4.7,3,howrah
HEAD OFFICE (Indian National Trinomul Trade Union Congress),Corporate office,3.7,3,howrah
International Industrial Gases Ltd,Manufacturer,4.8,14,howrah
NATIONAL JUTE MILL,Jute Mill,4.7,6,howrah
Electro Volt Equipments Pvt.Ltd.,Manufacturer,2.0,2,howrah
Alchemist Regional Office,Corporate office,2.3,90,howrah
N.J.M.C. Ltd.,Corporate office,4.7,6,howrah
Indian Express Limited,Media company,4.2,69,howrah
Manaksia Steels Limited,Corporate office,4.0,12,howrah
Foxin,Corporate office,4.6,54,howrah
"Hindustan Unilever Limited, Main Gate Entry",FMCG Manufacturer,4.7,45,howrah
W.Hunger Hydraulics India Pvt. Ltd.,Hydraulic equipment supplier,3.9,14,howrah
Hindustan Motors Limited,Corporate office,4.2,10,howrah
IFABEX TECHNOLOGIES (HQ),Electronics manufacturer,5.0,3,howrah
Spencers Retail Limited,Corporate office,4.0,131,howrah
TATA AIA OFFICE,Corporate office,3.6,174,howrah
Rahee Infratech Limited,Railroad company,3.9,175,howrah
Katlia Industrial Complex,Business park,3.9,222,howrah
Urban Platter | Kolkata,Gourmet grocery store,4.7,12,howrah
White Owl Services,Corporate office,,,howrah
Hindusthan National Glass & Industries Ltd,Corporate office,4.0,57,howrah
Oswal Chambers,Corporate office,3.9,385,howrah
PEERLESS BHAVAN,Corporate office,4.4,61,howrah
Birla Buildings Limited,Corporate office,4.4,544,howrah
Central Inland Water Transport Corporation Limited,Government office,3.3,12,howrah
SBI Life Insurance Co Ltd,Insurance company,4.7,18,howrah
Howrah Factory,Home goods store,,,howrah
Inspira Group,Corporate office,,,howrah
Salkia Howrah,Woodworking supply store,5.0,1,howrah
Rashmi Cement Office,3.8,98,Cement Supplier,kharagpur
Shriram General Insurance Co.Ltd,5.0,1,Corporate office,kharagpur
Ecom Express Pvt. Ltd.,3.7,30,Corporate office,kharagpur
Krishna Logistics,5.0,3,Logistics service,kharagpur
LIC Divisional Office - Kharagpur,4.3,211,Insurance company,kharagpur
WBSEDCL Division Office - Kharagpur,2.5,81,Electric utility company,kharagpur
Nippon India Mutual Fund,4.6,10,Investment company,kharagpur
PNB MetLife India Insurance Company Limited,4.0,42,Insurance company,kharagpur
"LIC of India, Branch Office",3.9,213,Insurance company,kharagpur
Kotak Life Insurance,4.9,7,Life insurance agency,kharagpur
Reliance General Insurance Company Limited,4.2,12,Insurance agency,kharagpur
Max Life Insurance,4.2,45,Insurance company,kharagpur
Bajaj Allianz General Insurance Company,4.3,7,Insurance agency,kharagpur
Bajaj Allianz Life Insurance Company Limited,3.9,43,Life insurance agency,kharagpur
SBI Life Insurance - Kharagpur Office,3.7,47,Insurance agency,kharagpur
HDFC Life,4.8,22,Insurance company,kharagpur
Security And Intelligence Services India Limited,4.1,116,Security service,kharagpur
Sundaram Finance,3.6,14,Financial institution,kharagpur
WEBEL IT Park Kharagpur,4.3,77,Technology park,kharagpur
Xpressbees,2.4,61,Courier service,kharagpur
Amway India Enterprise Pvt Ltd,4.5,200,Health and beauty shop,kharagpur
West Bengal Reliance Jio,3.2,34,Electronics store,kharagpur
Usha Gas Agency,3.7,41,Gas Agency,kharagpur
Karvy Stock Broking Limited,3.9,8,Stock broker,kharagpur
Vidyasagar Industrial Park,4.2,62,Manufacturer,kharagpur
Reliance Nippon life Insurance,3.3,3,Insurance agency,kharagpur
BSNL Exchange,3.5,43,Telephone exchange,kharagpur
Dolphin Courier,4.0,6,Courier service,kharagpur
Flipkart Hub,3.9,173,Courier service,kharagpur
BLUEDART DELIVERY,2.8,101,Courier service,kharagpur
DTDC MALANCHA FR,3.8,81,Courier service,kharagpur
Airtel Express,3.4,164,Telecommunications service provider,kharagpur
My Jio Store,3.9,160,Electronics store,kharagpur
Bajaj Finserv Service Branch,3.1,32,Financial institution,kharagpur
Amul Milk,3.3,4,Milk delivery service,kharagpur
Trackon Couriers Pvt. Limited,2.4,12,Courier service,kharagpur
Kharagpur Workshop,4.3,843,Train station,kharagpur
Kharagpur Bus Stand Auto Service,3.8,"1,402",Bus tour agency,kharagpur
L&T Finance,2.8,15,Financial institution,kharagpur
Kharagpur,4.3,"7,269",Train station,kharagpur
"District Headquarters, South Eastern Railway Bharat Scouts & Guides, Kharagpur District Association",5.0,1,Scouting,kharagpur
ECL,3.0,1,Corporate office,kolkata
"Fairlie Place, Eastern Railway Head Office",4.2,"1,175",Corporate office,kolkata
Orchid DMC Private Limited,5.0,3,Corporate office,kolkata
Denave India Pvt. Ltd.,3.6,11,Corporate office,kolkata
SMSRC Private Limited,3.8,28,Corporate office,kolkata
"Panasonic India pvt ltd, Kolkata main Office",3.9,54,Corporate office,kolkata
Britannia Industries Limited,3.8,35,Corporate office,kolkata
Ceasefire Industries Private Limited,4.9,14,Corporate office,kolkata
Bata Registered Office,4.2,25,Corporate office,kolkata
ITC Limited,4.6,312,Corporate office,kolkata
HEAD OFFICE (Indian National Trinomul Trade Union Congress),3.7,3,Corporate office,kolkata
Krypton Industries Limited,4.8,15,Corporate office,kolkata
"Kantar IMRB, Kolkata",3.8,69,Corporate office,kolkata
Mankind Pharma office,4.1,15,Corporate office,kolkata
DCPL Office,4.2,35,Software company,kolkata
Birla Sugar,4.1,7,Corporate office,kolkata
Mondelez International,3.8,8,Corporate office,kolkata
Kantar operations(IMRB),4.3,48,Corporate office,kolkata
MSTC LIMITED,3.8,11,Corporate office,kolkata
Hindustan Motors Limited,4.2,10,Corporate office,kolkata
ITC Centre,4.6,279,Corporate office,kolkata
Monginis Head office,4.4,8,Corporate office,kolkata
Canberg Global Sourcing Pvt. Ltd.,4.1,24,Corporate office,kolkata
"TENOVA INDIA PVT LTD, KOLKATA",5.0,1,Corporate office,kolkata
IRCON Regional Office,4.6,12,Corporate office,kolkata
N.J.M.C. Ltd.,4.7,6,Corporate office,kolkata
Universal Corporation Ltd.,2.9,44,Corporate office,kolkata
Kellogg India Pvt Ltd,4.2,5,Food products supplier,kolkata
OnProcess Technology,4.0,145,Corporate office,kolkata
Sriram Associates Private Limited,,,Corporate office,kolkata
Danone Kolkata,5.0,4,Corporate office,kolkata
White Owl Services,,,Corporate office,kolkata
Crescent Foundry,3.8,13,Manufacturer,kolkata
The LYNQ Group,3.9,19,Corporate office,kolkata
J.B. Norton & Co.,4.4,5,Corporate office,kolkata
"Protiviti, Kolkata",4.6,39,Corporate office,kolkata
Alstom,4.0,6,Manufacturer,kolkata
Sonodyne Pvt. Ltd.,3.4,14,Corporate office,kolkata
Garware Technical Fibres,4.7,3,Corporate office,kolkata
L'OREAL,4.3,85,Corporate office,kolkata
Genpact India,4.3,879,Corporate office,kolkata
Foxin,4.6,54,Corporate office,kolkata
Almatis Alumina Pvt. Ltd.,4.6,7,Aluminium Supplier,kolkata
DVC Towers Kolkata,4.4,328,Corporate office,kolkata
Oswal Chambers,3.9,385,Corporate office,kolkata
CLOSET Main Headquarters,,,Manufacturer,kolkata
PEERLESS BHAVAN,4.4,61,Corporate office,kolkata
Wipro Tower 1,4.5,64,Corporate office,kolkata
Sodexo Kolkata,4.4,49,Corporate office,kolkata
IFB Industries Limited,2.8,13,Manufacturer,kolkata
HPCL GMO & EZ Office,4.5,138,Corporate office,kolkata
Standard Robotics Corporation,,,Electronics manufacturer,kolkata
Microsoft Corporation India Pvt Ltd (Kolkata Office),4.5,34,Corporate office,kolkata
Spencers Retail Limited,4.0,131,Corporate office,kolkata
Swiggy office,3.2,84,Corporate office,kolkata
Pallishree Ltd.,3.4,5,Food products supplier,kolkata
Web Design Company - ibuildsite,5.0,2,Website designer,kolkata
Teoco Software Pvt. Ltd.,4.4,69,Corporate office,kolkata
Inspira Group,,,Corporate office,kolkata
Esri India Technologies Ltd.,5.0,4,Corporate office,kolkata
PUMA Regional Office East,5.0,3,Corporate office,kolkata
United Tower,4.5,777,Corporate office,kolkata
Country Bean,4.8,279,Corporate office,kolkata
NEOMACHINE Mfg. Co. Pvt. Ltd.,4.0,2,Pharmaceutical company,kolkata
Birla Buildings Limited,4.4,544,Corporate office,kolkata
Nalco Water India Ltd.,,,Manufacturer,kolkata
E M B,,,Manufacturer,kolkata
Hamon Research-Cottrell,5.0,1,Corporate office,kolkata
Ktsclick E-Solution Pvt Ltd.,4.1,41,Corporate office,kolkata
Ashika Stock Broking Ltd.,4.7,22,Corporate office,kolkata
Ruth & Company Private Limited,4.0,10,Manufacturer,kolkata
Sankalp Semiconductor Pvt Ltd,4.6,25,Corporate office,kolkata
Strathspey,4.0,19,Pharmaceutical company,kolkata
Industrial Boilers Ltd,,,Manufacturer,kolkata
MAXWELL GROUP,4.3,3,Corporate office,kolkata
Mangalam Business Centre,4.2,144,Corporate office,kolkata
"Godrej Waterside - Tower 2, Kolkata",4.5,"1,471",Corporate office,kolkata
Metro Tower,4.2,131,Corporate office,kolkata
Victoria House,4.3,102,Corporate office,kolkata
Msd Pharmaceuticals Pvt. Ltd.,,,Pharmaceutical company,kolkata
Lexmark International India(Pvt) Limited,4.4,117,Corporate office,kolkata
Turtle Limited Head Office,4.1,11,Corporate office,kolkata
The West BenÂ­gal Power DevelÂ­opÂ­ment CorÂ­poÂ­raÂ­tion Limited,4.3,173,Corporate office,kolkata
Coal India Limited,4.6,412,Mining company,kolkata
Balmer Lawrie .,4.0,62,Manufacturer,kolkata
McNROE Consumer Products Pvt Ltd,4.0,87,Corporate office,kolkata
Indian Chamber of Commerce,4.4,173,Corporate office,kolkata
Lenze Mechatronics Pvt. Ltd.,5.0,2,Automation company,kolkata
RPSG Ventures Limited,5.0,2,Corporate office,kolkata
Bengal Intelligent Park,4.5,136,Corporate campus,kolkata
Mahindra & Mahindra Limited,3.9,25,Manufacturer,kolkata
Cognizant Technology Solutions,4.4,"2,044",Corporate office,kolkata
RPSG HOUSE,4.7,134,Corporate office,kolkata
Bellissa Pharmaceuticals Pvt. Ltd.,4.8,12,Pharmaceutical company,kolkata
Fusion - BPM Solutions Provider in India,3.7,"1,446",Corporate office,kolkata
Sabyasachi Couture,4.3,60,Corporate office,kolkata
Intelligent Image Management Pvt. Ltd (IIMI),3.3,92,Corporate office,kolkata
iMerit Technology,4.3,430,Corporate office,kolkata
Process Galvaniser,5.0,1,Manufacturer,kolkata
Khadim India Ltd. Corporate Office,4.3,116,Corporate office,kolkata
"S.H.I.E.L.D. HEADQUARTERS KOLKATA, 105/68A",,,Apartment building,kolkata
HYDROTECH ENGINEERS,2.0,2,Corporate office,kolkata
Goldfinn Technologies,4.0,5,Corporate office,kolkata
INDUSTRIAL & COMMERCIAL ENTERPRISES,,,Manufacturer,kolkata
SAMSUNG INDIA ELECTRONICS PVT. LTD,3.6,22,Corporate office,kolkata
Avani Signature,4.2,154,Corporate office,kolkata
LUX INDUSTRIES LTD,4.4,118,Corporate office,kolkata
CIL Office,4.5,53,Corporate office,kolkata
Ericsson India Global Services Pvt. Ltd. Kolkata office,4.6,"1,308",Corporate office,kolkata
Netcamp Solutions Private Limited,4.9,"1,204",Corporate office,kolkata
Technopolis Building,4.4,"5,618",Corporate office,kolkata
SMS group - SMS India Pvt Ltd.,4.5,14,Metal fabricator,kolkata
DM Aromatics,5.0,1,Corporate office,kolkata
South City Pinnacle,4.4,903,Corporate office,kolkata
Secure Meter Ltd,4.8,19,Corporate office,kolkata
Infinity BenchMark,4.4,"1,048",Corporate office,kolkata
Recex.co,4.5,130,Corporate office,kolkata
Millennium City IT Park (Rungta Group),4.5,"1,332",Corporate office,kolkata
JUVAS,3.4,29,Electronics manufacturer,kolkata
Ideal Centre,4.1,115,Corporate office,kolkata
Alstom,4.0,6,Manufacturer,sealdah
Divisional Railway Manager Office Sealdah,3.9,71,City government office,sealdah
LINXON INDIA PVT LTD,5.0,2,Corporate office,sealdah
ECL,3.0,1,Corporate office,sealdah
Microsoft Corporation India Pvt Ltd (Kolkata Office),4.5,34,Corporate office,sealdah
Sealdah Main Station,4.4,157,Train yard,sealdah
Ceasefire Industries Private Limited,4.9,14,Corporate office,sealdah
Turbot HQ India Private Limited,5.0,9,Corporate office,sealdah
OnProcess Technology,4.0,145,Corporate office,sealdah
MyTasker - Virtual Assistant Company,4.5,117,Business management consultant,sealdah
Exide Industries Limited,4.2,214,Corporate office,sealdah
Global IDs,4.4,68,Software company,sealdah
Sealdah,4.2,"30,386",Train station,sealdah
Esri India Technologies Ltd.,5.0,4,Corporate office,sealdah
Sodexo Kolkata,4.4,49,Corporate office,sealdah
National Insurance,4.4,26,Insurance company,sealdah
ABM Techno-Matrix Private Limited,4.5,65,Software company,sealdah
Khadim India Ltd. Corporate Office,4.3,116,Corporate office,sealdah
Baazar Kolkata Head Office,4.2,83,Corporate office,sealdah
Canberg Global Sourcing Pvt. Ltd.,4.1,24,Corporate office,sealdah
E M B,,,Manufacturer,sealdah
Cognizant Technology Solutions,4.4,"2,044",Corporate office,sealdah
"Godrej Waterside - Tower 2, Kolkata",4.5,"1,471",Corporate office,sealdah
Bandhan Bank Head Office,4.1,411,Corporate office,sealdah
Lenze Mechatronics Pvt. Ltd.,5.0,2,Automation company,sealdah
Sterling and Wilson Ltd.,4.3,124,Corporate office,sealdah
iMerit Technology,4.3,430,Corporate office,sealdah
"Protiviti, Kolkata",4.6,39,Corporate office,sealdah
Itobuz Technologies Pvt. Ltd.,4.7,41,Software company,sealdah
HEAD OFFICE (Indian National Trinomul Trade Union Congress),3.7,3,Corporate office,sealdah
CIL Office,4.5,53,Corporate office,sealdah
Jio Centre Sealdah,3.6,465,Telecommunications service provider,sealdah
Dongfang Electric (I) Pvt. Ltd.,4.3,195,Corporate office,sealdah
Teoco Software Pvt. Ltd.,4.4,69,Corporate office,sealdah
McNROE Consumer Products Pvt Ltd,4.0,87,Corporate office,sealdah
Belluga Papers Private Limited,4.6,15,Paper mill,sealdah
Corporate office,,,Corporate office,sealdah
Orchid DMC Private Limited,5.0,3,Corporate office,sealdah
Indoco Remedies Limited,3.9,8,Pharmaceutical company,sealdah
RS Software India Ltd.,4.2,"2,689",Software company,sealdah
Indian Political Action Committee,4.3,95,Corporate office,sealdah
Fusion - BPM Solutions Provider in India,3.7,"1,446",Corporate office,sealdah
Indian Bureau of Mines,3.8,6,Government office,sealdah
Sequel Logistics Private Limited,4.0,8,Corporate office,sealdah
SMS group - SMS India Pvt Ltd.,4.5,14,Metal fabricator,sealdah
Wipro Tower 1,4.5,64,Corporate office,sealdah
South City Pinnacle,4.4,903,Corporate office,sealdah
PUMA Regional Office East,5.0,3,Corporate office,sealdah
MSTC LIMITED,3.8,11,Corporate office,sealdah
Millennium City IT Park (Rungta Group),4.5,"1,332",Corporate office,sealdah
SAMSUNG INDIA ELECTRONICS PVT. LTD,3.6,22,Corporate office,sealdah
Secure Meter Ltd,4.8,19,Corporate office,sealdah
Toshiba Transmission & Distribution Systems (India) Pvt. Ltd.,4.5,10,Corporate office,sealdah
Mondelez International,3.8,8,Corporate office,sealdah
Pursuit Software INC.,4.5,92,Software company,sealdah
Siddha Corporate office,2.2,13,Corporate office,sealdah
Mankind Pharma office,4.1,15,Corporate office,sealdah
DVC Towers Kolkata,4.4,328,Corporate office,sealdah
CloudKaptan Consultancy Services Pvt Ltd.,4.1,93,Software company,sealdah
IFB Industries Limited,2.8,13,Manufacturer,sealdah
Bata Registered Office,4.2,25,Corporate office,sealdah
MAXWELL GROUP,4.3,3,Corporate office,sealdah
PS Srijan Corporate Park,4.4,674,Corporate campus,sealdah
Dalmia Office,3.8,18,Corporate office,sealdah
Techno India Group (Corporate Office),3.5,4,Corporate office,sealdah
J.B. Norton & Co.,4.4,5,Corporate office,sealdah
Moglix,4.1,9,E-commerce service,sealdah
Hindustan Motors Limited,4.2,10,Corporate office,sealdah
Bengal Chemicals,4.4,48,Chemical Manufacturer,sealdah
LUX INDUSTRIES LTD,4.4,118,Corporate office,sealdah
Sunknowledge Services Inc.,4.1,690,Medical billing service,sealdah
Prime Thermals Private Limited,5.0,1,Boiler Manufacturer,sealdah
Birla Sugar,4.1,7,Corporate office,sealdah
Oil India Limited (Main Office Kolkata),4.7,39,Corporate office,sealdah
IRCON Regional Office,4.6,12,Corporate office,sealdah
oyo rooms in kolkata,2.1,44,Corporate office,sealdah
Sriram Associates Private Limited,,,Corporate office,sealdah
"Fairlie Place, Eastern Railway Head Office",4.2,"1,175",Corporate office,sealdah
Eveready Industries India Ltd.,4.4,112,Corporate office,sealdah
HYDROTECH ENGINEERS,2.0,2,Corporate office,sealdah
Emami Agrotech Limited,4.4,177,Corporate office,sealdah
ITC Centre,4.6,279,Corporate office,sealdah
Krypton Industries Limited,4.8,15,Corporate office,sealdah
ITC Limited,4.6,312,Corporate office,sealdah
Himalaya Optical Corporate Office - Kolkata,4.6,40,Corporate office,sealdah
Ashirvad Food Products Pvt. Ltd.,3.1,7,Corporate office,sealdah
Denave India Pvt. Ltd.,3.6,11,Corporate office,sealdah
Dollar Industries Limited,4.1,176,Corporate office,sealdah
Country Bean,4.8,279,Corporate office,sealdah
Britannia Industries Limited,3.8,35,Corporate office,sealdah
Bharat Heavy Electricals Limited,4.6,46,Manufacturer,sealdah
Office,3.0,2,Corporate office,sealdah
Infinity BenchMark,4.4,"1,048",Corporate office,sealdah
White Owl Services,,,Corporate office,sealdah
ASVOUT BIOTECH PVT. LTD.,4.8,21,Pharmaceutical company,sealdah
Godrej Genesis,3.7,"1,260",Building design company,sealdah
Unified Infotech | Best Web Design and Development Company In India,4.1,180,Website designer,sealdah
Technopolis Building,4.4,"5,618",Corporate office,sealdah
Sealdah metro station,4.6,126,Transport interchange,sealdah
The West BenÂ­gal Power DevelÂ­opÂ­ment CorÂ­poÂ­raÂ­tion Limited,4.3,173,Corporate office,sealdah
Genpact India,4.3,879,Corporate office,sealdah
Universal Corporation Ltd.,2.9,44,Corporate office,sealdah
Lexmark International India(Pvt) Limited,4.4,117,Corporate office,sealdah
Hindusthan National Glass & Industries Ltd,4.0,57,Corporate office,sealdah
"Kantar IMRB, Kolkata",3.8,69,Corporate office,sealdah
SMSRC Private Limited,3.8,28,Corporate office,sealdah
Ideal Centre,4.1,115,Corporate office,sealdah
Rausheena Group,4.8,4,Business management consultant,sealdah
Finarb consulting,4.4,119,Corporate office,sealdah
Magnacon Electricals (I) Ltd,4.5,65,Corporate office,sealdah
bureau veritas,4.0,3,Corporate office,sealdah
XRIG,4.8,128,Computer Hardware Company,sealdah
NGB HQ Industrial Unit,4.3,37,Engineering consultant,sealdah
Spencers Retail Limited,4.0,131,Corporate office,sealdah
Oswal Chambers,3.9,385,Corporate office,sealdah
Nistula Business Solution Private Limited,5.0,2,Corporate office,sealdah
Ashika Stock Broking Ltd.,4.7,22,Corporate office,sealdah
Kantar operations(IMRB),4.3,48,Corporate office,sealdah
Asyst Park,4.2,"1,890",Corporate office,sealdah
"Vidyut Bhavan, Head Quarter Of WBSEDCL",4.3,722,Corporate office,sealdah
Siliguri Krisak Sathi Farmers Producer Company Limited,,,Corporate office,siliguri
Palak Group Head Office,,,Corporate office,siliguri
VirVentures Siliguri,4.4,17.0,Corporate office,siliguri
Hiran Kutir Corporate Office,5.0,1.0,Corporate office,siliguri
Anchor Panasonic Projects Sales Branch Siliguri,3.0,4.0,Electrical equipment manufacturer,siliguri
PCM Group,4.7,6.0,Corporate office,siliguri
Ganpati Additives Pvt. Ltd. - Siliguri Branch,3.0,1.0,Corporate office,siliguri
mus technology pvt ltd.,2.5,19.0,Corporate office,siliguri
S.N POLYMERS PVT LTD,4.7,3.0,Corporate office,siliguri
Saloni Tea Co.,4.8,8.0,Corporate office,siliguri
Ansh Trading Company,3.9,76.0,Corporate office,siliguri
Kalkaji Enterprises,4.2,46.0,Corporate office,siliguri
Siemens Siliguri,4.0,3.0,Corporate office,siliguri
MJB Group,4.2,23.0,Corporate office,siliguri
Annapurna Group,,,Corporate office,siliguri
Kalkaji Glasses Pvt Ltd,4.0,15.0,Corporate office,siliguri
Pinky Lee,5.0,4.0,Manufacturer,siliguri
Siliguri Merchant Association,4.2,5.0,Corporate office,siliguri
Gaurav Enterprises,,,Corporate office,siliguri
Indian Oil Corporation Office,4.4,24.0,Petroleum Products Company,siliguri
Rainbow,4.0,7.0,Corporate office,siliguri
Ultratech Cement Ltd,4.8,5.0,Corporate office,siliguri
"Sahara India Pariwar Fc Office,sevoke Road",4.0,4.0,Corporate office,siliguri
Kurseong Carriers Private Limited,4.7,7.0,Corporate office,siliguri
Shyam Vihar Complex,3.3,8.0,Corporate office,siliguri
KS ENTERPRISE,,,Manufacturer,siliguri
Iffco,5.0,1.0,Corporate office,siliguri
Shiv Builder Center,4.0,3.0,Corporate office,siliguri
India bulls,5.0,1.0,Corporate office,siliguri
Paramount Tea Marketing,5.0,3.0,Corporate office,siliguri
Deesha Trade Endeavours P. Ltd.,4.5,48.0,Tea Manufacturer,siliguri
Excel to Invest,5.0,1.0,Corporate office,siliguri
Techno Developers Group,4.6,29.0,Software company,siliguri
Malnady Tea Garden office,,,Tea Manufacturer,siliguri
Indian Oil Corporation Limited,4.3,147.0,Oil & natural gas company,siliguri
Mech Industry,5.0,1.0,Manufacturer,siliguri
Oriens Office Sevoke Road,5.0,3.0,Business networking company,siliguri
Baijanti Engicon Pvt Ltd,5.0,1.0,Hydroelectric power plant,siliguri
The New India Assurance Co. Ltd,3.7,56.0,Insurance company,siliguri
Cholamandalam MS General Insurance Company Ltd,2.7,12.0,Insurance company,siliguri
Tata Aia Life Insurance Company Limited,4.2,33.0,Insurance company,siliguri
instakart Services Pvt Ltd. Ekart(Flipkart) Siliguri,2.3,16.0,Corporate office,siliguri
Maa Ambay Vincom Pvt. Ltd.,4.0,1.0,Construction equipment supplier,siliguri
GCMMF (Amul) Depot,4.2,9.0,FMCG Manufacturer,siliguri
Kanch Ghar Factory,4.9,7.0,Glass manufacturer,siliguri
"Narmada Agencies, Siliguri",4.0,4.0,Paper distributor,siliguri
Software Technology Parks of India,4.0,15.0,Central Government Office,siliguri
Surajmukhi Tea Private Limited,5.0,155.0,Tea Manufacturer,siliguri
Star cement,4.3,4.0,Office Accessories Wholesaler,siliguri
"Technogleam-Website Design, Digital Marketing, Mobile App Development Company in Siliguri",4.7,138.0,Website designer,siliguri
"LIC of India, Branch Office",3.9,359.0,Insurance company,siliguri
Fixfin Technologies Pvt. Ltd.,4.9,32.0,Software company,siliguri
"Club Mahindra Holidays & Resorts, Customer Direct Sales Offices, Silliguri",,,Timeshare agency,siliguri
SIS India - SILIGURI Branch Office,3.6,56.0,Security service,siliguri
Blue Minch,4.9,772.0,Internet marketing service,siliguri
"LIC of India, Branch Office",4.1,47.0,Insurance company,siliguri
Bengal Battery Co,5.0,513.0,Battery Store,siliguri
Bajaj Finserv Service Branch,3.8,17.0,Financial institution,siliguri
MakeMyTrip India Private Limited,4.1,140.0,Tour operator,siliguri
Matigara L&T Office,4.0,3.0,Business networking company,siliguri
Ecom exprees siliguri office,1.5,127.0,Courier service,siliguri
E-Tender & Online Support Desk,5.0,1.0,Corporate office,siliguri
Krishna Computers,3.4,5.0,Computer support and services,siliguri
Everyonic communications private limited,1.0,3.0,Computer consultant,siliguri
