Company_name,Rating,NumberOfUserReview,Type,Location,Region
BASF Industries,4,-2,Chemical industry,"H93R+XR3, Debendra Chandra Dey Rd",Kolkata
Teesta Agro Industries Limited,4,-1,Manufacturer,"63/1/2, Shanti Appartment, 2nd Floor, Sarat Bose Road, Bhawanipur",Kolkata
Nanda Millar Company,4.5,-2,Manufacturer,"1/2, Chanditolla Branch Road",Kolkata
Merisant India Private Limited,4,-1,Manufacturer,"202, The Chambers, 1865, Rajdanga Main Rd",Kolkata
Alembic,3.3,-3,Pharmaceutical company,"225C, AJC Bose Rd",Kolkata
Alstom,4,-6,Manufacturer,Millenium City IT Park,Kolkata
Itobuz Technologies Pvt. Ltd.,4.7,-41,Software company,"Webel STP II Building, 53",Kolkata
Pfizer India Ltd.,5,-1,Pharmaceutical company,No. 2/7 Sarat Bose Road Lake Gardens,Kolkata
Alkem Laboratories Ltd,4.5,-6,Pharmaceutical company,"700141, Budge Budge Trunk Rd",Kolkata
EMC Limited,3.7,-98,Manufacturer,"51, Canal East Rd, Daspara, Ultadanga",Kolkata
SMSRC Private Limited,3.8,-28,Corporate office,"Acropolis, 1858/1, Rajdanga Main Rd",Kolkata
Crescent Foundry,3.8,-13,Manufacturer,"Lords Building, 7/1, Lord Sinha Road",Kolkata
Intelgic Technologies Pvt. Ltd.,4.9,-9,Automation company,"St No 360, Rishi Tech Park, 2nd Floor, Unit No. B6",Kolkata
IFB Industries Limited,2.8,-13,Manufacturer,"3rd Floor, Plont No-ind-5",Kolkata
Genpact India,4.3,-879,Corporate office,"Candor Techspace, Ground & 1st Floor, Plot No. 1, 2, 3 & 3/1 IT/ITES SEZ Block-G, Block-DH, Tower G3 Jyoti Basu Nagar",Kolkata
Coal India Limited,4.6,-412,Mining company,"MAR Plot No, Coal Bhawan, Premise No-04",Kolkata
Canberg Global Sourcing Pvt. Ltd.,4.1,-24,Corporate office,FD 205,Kolkata
Hindusthan National Glass & Industries Ltd,4,-57,Corporate office,"2, Red Cross Pl",Kolkata
Bengal Chemicals & Pharmaceuticals Building,4.3,-100,Corporate office,"6, Ganesh Chandra Ave",Kolkata
Pataka Industries Pvt. Ltd.,4.5,-2,Manufacturer,"No. 97, New Park St",Kolkata
Balmer Lawrie .,4.1,-61,Manufacturer,"21, Netaji Subhas Rd",Kolkata
Mankind Pharma office,4.1,-15,Corporate office,"5, Kustia Rd",Kolkata
ASVOUT BIOTECH PVT. LTD.,4.8,-21,Pharmaceutical company,"174/G, Linton St",Kolkata
Indoco Remedies Limited,3.9,-8,Pharmaceutical company,"P61/1, C I T Road, Beliaghata",Kolkata
PCM Group Of Industries,4,-2,Real Estate Builders & Construction Company,"No.10C,4th Floor,Block - C, INCOME TAX SETTLEMENT COMMISSION, Middleton Row,Park Street",Kolkata
Ganesh Products Private Limited,4.8,-33,Manufacturer,"2, Digambar Jain Temple Rd",Kolkata
Birla Sugar,4.1,-7,Corporate office,"9/1, R.N. Mukherjee Road, Birla Building, 5th Floor",Kolkata
BENGAL GAS COMPANY LIMITED,3.4,-32,Corporate office,"IIC, 1ST FLOOR, International Finance Centre, One Rajarhat Block-A, North",Kolkata
Bengal Chemicals,4.4,-48,Chemical Manufacturer,"157, Bengal Chemical, 14, Maniktala Main Rd",Kolkata
Abdos Consumer Care Limited,4.4,-9,FMCG Manufacturer,"13A, Government Pl",Kolkata
Usha Martin,4.2,-111,Manufacturer,"2A, Shakespeare Sarani Rd",Kolkata
WIST Water Solutions Pvt Ltd (DRINKWELL ),5,-40,Water treatment supplier,"1st Floor, 19B, Hindustan Rd",Kolkata
Britannia Industries Limited,3.8,-35,Corporate office,"5/1a, Picasso Bithi",Kolkata
Jindal (India) Limited,4.1,-16,Corporate office,"LMJ Chamber, 2nd Floor, 15C, Hemanta Basu Sarani, B B D Bagh",Kolkata
Almatis Alumina Pvt. Ltd.,4.6,-7,Aluminium Supplier,"No. 6, Little Russel Street, Middleton St",Kolkata
Arora Group Sandmines,4.3,-313,Corporate office,"1809, 18th Floor, Srijan Corporate Park Plot Plot G2",Kolkata
Sankalp Semiconductor Pvt Ltd,4.6,-25,Corporate office,"302, Block 2B, Ecospace Business Park",Kolkata
OnProcess Technology,4,-145,Corporate office,"12th Floor, OMEGA, Bengal Intelligent Park",Kolkata
Bengal Intelligent Park,4.5,-136,Corporate campus,"A2, M2 & N2, Street Number 18",Kolkata
Baid Agro Products Private Limited,4,-1,Manufacturer,"Diamond Heritage, 16, Strand Rd",Kolkata
N.J.M.C. Ltd.,4.7,-6,Corporate office,"Chartered Bank Buildings,2nd Floor,4, Netaji Subhas Road",Kolkata
Kellogg India Pvt Ltd,4.2,-5,Food products supplier,"4a, PS ARCADIA CENTRAL, 4A, Camac St",Kolkata
Pallishree Ltd.,3.4,-5,Food products supplier,"7, Indian Mirror St",Kolkata
ITC Limited,4.4,-176,Manufacturer,"93/1, Karl Marx Sarani Rd",Kolkata
Suranjan & company Paint Manufacturer,5,-2,Paint Manufacturer,Ramrajatala Station Rd,Kolkata
NEOMACHINE Mfg. Co. Pvt. Ltd.,4,-2,Pharmaceutical company,"39/2A, Purna Das Rd",Kolkata
Corium Technochem,5,-5,Chemical Manufacturer,"GREEN FIELD CITY, BLOCK 20, FLAT 9 E",Kolkata
Ashirvad Food Products Pvt. Ltd.,3.1,-7,Corporate office,"Diamond Chambers, Suite No.4J, 4, Chowringhee Ln",Kolkata
Hindustan Cables Limited,4,-1,Manufacturer,"9, Elgin Rd",Kolkata
Vikas Hitech Castings-Investment Casting Foundry,5,-6,Foundry,·,Kolkata
KAHM Tower,4.3,-30,Corporate office,"2nd, New Market Clock Tower, 13, Lindsay St",Kolkata
Process Galvaniser,5,-1,Manufacturer,"23-A, Netaji Subhas Road 1st Floor, Room No: 11-A",Kolkata
Ruth & Company Private Limited,4,-10,Manufacturer,"11, BBD Bag E Dal Housie Square East",Kolkata
Sodexo Kolkata,4.4,-49,Corporate office,EN-7,Kolkata
SMS group - SMS India Pvt Ltd.,4.5,-14,Metal fabricator,"K-1, EP & GP",Kolkata
ITC Limited,4.6,-312,Corporate office,"37, Jawaharlal Nehru Rd",Kolkata
Universal Corporation Ltd.,2.9,-44,Corporate office,"4, 1, Middleton St",Kolkata
Lenze Mechatronics Pvt. Ltd.,5,-2,Automation company,"8th Floor, Techno Polis",Kolkata
Goodricke Group Limited,4.4,-83,Tea Manufacturer,"14, Gurusaday Dutta Rd",Kolkata
Shrachi EcoPal,4.2,-300,Portable toilet supplier,"8th Floor, Shrachi Towers, 686, Anandapur EM Bypass, RB Connector Junction",Kolkata
Sriram Associates Private Limited,,,Corporate office,"14, Netaji Subhas Rd",Kolkata
LTIMindtree,4.7,-140,Software company,"18th floor, HCHP+W8J Adventz Infinity, Adventz Infinity @5, 18th floor, Street Number 18",Kolkata
AMRIT EXPORTS PVT. LTD.,3.6,-299,Manufacturer,"En-26, EN-24, Street Number 14",Kolkata
B G Distributors Pvt Ltd,4.2,-53,Corporate office,"Merlin Infinite DN-51, 905",Kolkata
Strathspey,4,-19,Pharmaceutical company,"228A, Acharya Jagdish Chandra Bose Rd",Kolkata
Palsons Derma Pvt Ltd,4.4,-37,Pharmaceutical company,"E 7-92, New Biren Roy Road West, Behala",Kolkata
Avadh Sugar & Energy Ltd.,,,Food manufacturer,"9, 1, RN Mukherjee Rd",Kolkata
Nalco Water India Ltd.,,,Manufacturer,"1, Lenin Sarani",Kolkata
Denave India Pvt. Ltd.,3.6,-11,Corporate office,"Plot no. 108, Block-B, Rajdanga Main Rd",Kolkata
TECHNIXIA AUTOMATION PRIVATE LIMITED,5,-98,Automation company,"3ES8, MANI CASADONA, plot, 04, Street Number 372",Kolkata
Prakash Spices Private Limited,4.6,-19,FMCG Manufacturer,"42, Sibtala St",Kolkata
Hindustan Motors Limited,4.2,-10,Corporate office,"Birla Building, 10th Floor, Western Side, 9/1, R. N. Mukherjee Road",Kolkata
Dongfang Electric (I) Pvt. Ltd.,4.3,-195,Corporate office,·,Kolkata
Stadmed Private Limited,3.7,-42,Corporate office,"Kumud Apartment, 14A, Satyendranath Mazumder Sarani",Kolkata
Pursuit Software INC.,4.5,-92,Software company,"SDF Building, Unit # 128, Salt Lake, Electronics Complex, Sector V",Kolkata
United Spirits Limited -Diageo,4.3,-61,Alcohol Manufacturer,"1858, Rajdanga Main Rd",Kolkata
Bipl Omega Tower,4.4,-231,Corporate office,"11, RDB Blvd",Kolkata
DPURE,5,-1,Manufacturer,"6, Brabourne Rd, near passport office",Kolkata
Unified Infotech | Best Web Design and Development Company In India,4.1,-180,Website designer,"1st Floor Plot, Block-B No - 53, Webel STP II Building",Kolkata
Sonodyne Pvt. Ltd.,3.4,-14,Electronics manufacturer,98 NB,Kolkata
Khadim India Ltd. Corporate Office,4.3,-116,Corporate office,"7th Floor, DLF IT Park, 7th Floor, TOWER-C",Kolkata
Safechem Industries,4,-4,Chemical Manufacturer,"25a, Khagen Chatterjee Road, Cossipore, Cossipore",Kolkata
Bit Wave Solutions Pvt Ltd,4.1,-27,Software company,"Unit 602, Shaila Towers, J-1/16, EP & GP Block, Sector- V, Electronics Complex, Salt Lake,, Block EP J-1/16, Sector-V, Salt Lake",Kolkata
Mahindra & Mahindra Limited,3.9,-25,Manufacturer,"51, 1st Floor, Apeejay House, Park Street, 31 Chowringhee Road",Kolkata
CLOSET Main Headquarters,,,Manufacturer,"4, India Exchange Pl Rd",Kolkata
CIL Office,4.5,-53,Corporate office,HCJV+PGC,Kolkata
McNROE Consumer Products Pvt Ltd,4,-87,Corporate office,Sector V Godrej Genesis Building,Kolkata
LUX INDUSTRIES LTD,4.4,-118,Corporate office,Adventz Infinity,Kolkata
Exide Industries Limited,4.2,-214,Corporate office,"6A Hatibagan Road, Entally",Kolkata
Balarampur Chini Mill,4.3,-13,Manufacturer,"2nd Floor, 234/3A, 700020, FMC Fortuna, A J C Bose Road, Sreepally, Bhowanipore",Kolkata
INSILICA,5,-5,Manufacturer,"F7M9+P2X, N.L.Chatterjee Road, P.O. Raipur",Kolkata
Bellissa Pharmaceuticals Pvt. Ltd.,4.8,-12,Pharmaceutical company,"17 2 30, Netaji Subhash Chandra Bose Rd",Kolkata
Cognizant Technology Solutions,4.4,"-2,044",Corporate office,"ICICI Bank Salt Lake Sector 5, 24*7 Electronic Branch, Technocomplex , Saltlake Electronic Complex, Plot GN-34/3, Street Number 27",Kolkata
IRCON Regional Office,4.6,-12,Corporate office,,Kolkata
Sunny Trexim Private Limited,,,Cotton mill,"2nd Floor, AJC Towers, 204, Acharya Jagdish Chandra Bose Rd",Kolkata
Ericsson India Global Services Pvt. Ltd. Kolkata office,4.6,"-1,308",Corporate office,"700, DLF IT Park II, Dlf It Park 2, Block 1A, 156, Jamshedji Tata Rd",Kolkata
"Fairlie Place, Eastern Railway Head Office",4.2,"-1,175",Corporate office,"17, Fairlie Pl Rd",Kolkata
Amul Office,4.2,-161,Corporate office,"Salt Lake Stadium Road, IB-197",Kolkata
iMerit Technology,4.3,-429,Corporate office,"Plot No. J4, 4th Floor, Vishnu Chambers",Kolkata
Acknit Industries Limited,4.3,-9,Corporate office,7,Kolkata
NU Vista Limited - Double Bull Cement (Formerly Emami Cement Ltd),4.4,-65,Corporate office,"DLF IT Park, Tower C, 10th Floor, Premises No: 08, Major Arterial Road (South East Extension)",Kolkata
Kre8iveminds Technologies - Website Designing Web Development Company in Kolkata,4.7,-224,Website designer,"16, Gangadhar Babu Lane near Central Metro Station",Kolkata
"Godrej Waterside - Tower 2, Kolkata",4.5,"-1,471",Corporate office,Ring Rd,Kolkata
Central Inland Water Transport Corporation Limited,3.3,-12,Government office,"Tea Transit Sheds, 6, Garden Reach Road, Birju Nala Rd",Kolkata
IFB Industries,4.7,"-1,100",Manufacturer,Taratala Rd,Kolkata
JUVAS,3.4,-29,Electronics manufacturer,"2nd floor, 17, Ezra St",Kolkata
Technopolis Building,4.4,"-5,618",Corporate office,"HCHQ+V3X, Street Number 1",Kolkata
Farinni Leather Private limited,4.8,-5,Back Office,"37, Kala Mandir,, Shakespeare Sarani Rd",Kolkata
Rasoi Court,4.2,-5,Manufacturer,"H992+VV5, Binoy Badal Dinesh Bag E",Kolkata
West Bengal Pharmacy Council,2.8,-455,Pharmaceutical company,"Ground, Purta Bhawan, Sec-1, West Division, Room No.5 & 6",Kolkata
Spencers Retail Limited,4,-131,Corporate office,"1st Floor, Duncan House, 31, Netaji Subhas Rd, opposite Gillander House",Kolkata
PEERLESS BHAVAN,4.4,-61,Corporate office,"H88X+GP2, Esplanade East",Kolkata
Godrej Genesis,3.7,"-1,259",Building design company,Street Number 18,Kolkata
Trivitron Healthcare,,,Medical technology manufacturer,"18, PRD Link Rd",Kolkata
Bandhan Bank Head Office,4.1,-411,Corporate office,"Floor 11, Adventz Infinity, BN 5, Street Number 18",Kolkata
Intelligent Image Management Pvt. Ltd (IIMI),3.3,-92,Corporate office,"ECOSPACE BUSINESS PARK, 4A 7th Floor, Premises",Kolkata
Wipro Tower 1,4.5,-64,Corporate office,"Plot no 1, 7, 8 & 9, Block DM, Sector V, Salt Lake",Kolkata
Millennium City IT Park (Rungta Group),4.5,"-1,332",Corporate office,DN 62,Kolkata
AFF Aromatics Private Limited,2.7,-7,Manufacturer,"No. 43, Door No. 101, Kala Mandir, Century Towers, Shakespeare Sarani Rd",Kolkata
Industrial Boilers Ltd,,,Manufacturer,"On, Topaz, 23, Gobinda Banerjee Lane, Prince Anwar Shah Rd",Kolkata
Pinnacle Infotech Solutions,4.3,635,Corporate office,Sahid Sukumar Banerjee Sarani,Durgapur
Swadesh Softwares Pvt. Ltd - Custom Software Development Company in Durgapur,4,186,Software company,"UCP, 016, Ambedkar Sarani",Durgapur
Webel IT PARK - Durgapur,4.2,566,Corporate office,,Durgapur
Toolsvilla.com,4.4,"1,727",E - Commerce Agency,"Ananda Gopal Mukherjee Sarani Rd, opposite HDFC Bank",Durgapur
Shyam Steel Industries Ltd.,4.2,121,Manufacturer,Burdwan District Angadpur Raturia,Durgapur
alstom office,4.1,15,Corporate office,G8FH+67V,Durgapur
Alloy Steels Plant,4.3,67,Manufacturer,G7H9+7PF,Durgapur
Lnt Durgapur,4.3,31,Corporate office,,Durgapur
"Zonal Ordanance Factory, CISF DSP DURGAPUR",4.8,4,Electronics store,,Durgapur
KMC & COMPANY,5,4,Corporate office,,Durgapur
"D P L POWER PLANT, Durgapur",4.1,31,Power station,,Durgapur
J,,,Engineering consultant,,Durgapur
SS Solution | Durgapur,3.6,52,Corporate office,AS-4/11 54 Feet Road Near Ashiyana Bhavan,Durgapur
Durgapur,,,Home automation company,,Durgapur
Adken Global Pvt ltd,,,Business networking company,,Durgapur
SAIL - Durgapur Steel Plant,4.4,335,Iron & Steel Industry,,Durgapur
Housing Technology Consultants,3.6,"1,716",Architecture firm,,Durgapur
Gowebbi,3.4,82,Website designer,"UCP, 016, Ambedkar Sarani",Durgapur
"DURGAPUR THERMAL POWER STATION (DTPS), Durgapur",4.2,90,Thermal Energy Company,,Durgapur
Max Life Insurance Co. Ltd.,3.8,83,Insurance company,"Ist, N /36, Shahid Khudiram Sarani, Above Punjab National Bank",Durgapur
Educational Excellence,4.9,76,Internet marketing service,"13/5, Vidyapati Rd",Durgapur
DURGAPUR MUNICIPAL CORPORATION,,,,,Durgapur
Suraj Furniture,3.7,3,Furniture maker,,Durgapur
KADA MORE,4.1,59,Housing development,,Durgapur
Durgapur WB,,,Housing society,,Durgapur
"CISF UNIT , DTPS.",3.9,111,Corporate office,Maya Bazar,Durgapur
Great Eastern Trading Co Durgapur,4,439,Appliance store,Benachiti Road Opp. Honda Showroom Durgapur,Durgapur
"Fortune Park Pushpanjali, Durgapur - Member ITC's hotel group",4.6,"2,375",4-star hotel,,Durgapur
Shree Durga Steels,4.6,12,Iron & Steel Store,,Durgapur
Durgapur Municipal Corporation,3.7,110,Municipal Corporation,"G7PW+J72, Grand Trunk Rd, Near Bus Stand",Durgapur
Pradip Jewellers,5,1,Jewelry store,,Durgapur
Aquapolis Residential Complex,4.3,194,Apartment complex,,Durgapur
Dilip Cycle Stores,4.2,191,Bicycle Shop,,Durgapur
Louis Philippe,4.3,27,Men's clothing store,"Shop #FF25, Mouza",Durgapur
City Plaza,4,69,Cosmetics store,,Durgapur
CSIR-Central Mechanical Engineering Research Institute,4.6,250,Research institute,"Mahatma Gandhi Rd, opposite NIT",Durgapur
Bandbox,4.2,9,Dry cleaner,,Durgapur
Webel It Park,,,,,Durgapur
ALPS RESIDENCY,4.1,100,Apartment complex,,Durgapur
Titan World,4.6,"1,854",Watch store,"Ground Floor, Shahid Khudiram Sarani, opposite Pushpanjali Building",Durgapur
Arrowsoft,4.4,39,Computer store,,Durgapur
Paramounts Food Garden,4.2,169,Cake shop,G953+X8C,Durgapur
DREAM INDIA HOLIDAYS,3.8,85,Tour operator,,Durgapur
Hotel Luxor,3.9,671,3-star hotel,,Durgapur
"NSHM Knowledge Campus, Durgapur",3.9,747,Educational institution,"Via Muchipara Arrah, Shibtala Rd",Durgapur
Chaturango Maidan,4.4,"1,654",Fairground,,Durgapur
Junction Mall,4.4,"31,573",Shopping mall,,Durgapur
Bengal College of Polytechnic,4.3,285,Polytechnic College,"G8CR+6JH, Sahid Sukumar Banerjee Sarani",Durgapur
Reliance SMART Bazaar,4,461,Hypermarket,"Dreamplex Complex, Abanindra Bithi",Durgapur
Durgapur Bus stand,4.1,"1,098",Bus ticket agency,,Durgapur
Hotel Delta Suites,4.2,"1,879",3-star hotel,,Durgapur
SHANKAR NIWAS,3.5,10,Villa,,Durgapur
Rajlakshmi Jewellers Gold Pvt Ltd,3.9,203,Jewelry store,"H76H+Q8G, Balai Commercial Complex, Ananda Gopal Mukherjee Sarani Rd",Durgapur
Durgapur City Center,4.4,"10,840",Shopping mall,,Durgapur
PURNIMA RESIDENCY,4.4,21,Apartment building,,Durgapur
HP PETROL PUMP - DURGAPUR HIGHWAY SERVICE,4,154,Petrol Pump,,Durgapur
Samsung SmartCafé (Akshara Sam),4,148,Cell phone store,"Bengal Shrishti, Shop No B 101/A, Kalpataru Building",Durgapur
"Tata Motors Cars Showroom - Chandrani, Durgapur",4.3,240,Car dealer,Holding No 1/N Mritunjoy Housing Colony,Durgapur
Nalanda Fortune Park,4,372,Real estate agency,,Durgapur
Zebronics Service Center,3.9,46,Office supply store,"H75G+HF9, Opp Chamber of commerce Shweat Barani Bhawan",Durgapur
Morvee Hotels Durgapur,4.4,314,Hotel,,Durgapur
Ta-Tin Hotel,3.5,601,Hotel,,Durgapur
Woodland,3.9,114,Shoe store,,Durgapur
Durgapur,,,West Bengal,,Durgapur
Puma - JUNCTION,4.3,250,Sportswear store,"Shop No. 116, First Floor, Junction Mall",Durgapur
Shrachi Greenview,4,169,Apartment complex,,Durgapur
Bengal College Of Pharmaceutical Sciences & Research,4.4,254,College,"BASU, Gandhar Sarani",Durgapur
IndianOil,4.1,844,Petrol Pump,"C 415, Ssb Sarani",Durgapur
Bengal College of Engineering and Technology,4,783,College,"DA-8, Sahid Sukumar Banerjee Sarani",Durgapur
Delhi Public School Durgapur,4.2,283,CBSE School,Plot No. 2D/10,Durgapur
SHAIBA SUZUKI,3.8,264,Two Wheeler Dealer,Grand Trunk Rd,Durgapur
Multitech Solutions,4.7,6,Corporate office,,Durgapur
private job,,,Market,,Durgapur
Manorama,4.8,4,Underwear store,,Durgapur
Startup Karle,,,Business management consultant,"Ah 02, Behind Arambaghs Foodmart, Star Gym Building, Shiv Mandir Rd",Siliguri
Wurk - Coworking Space,4.1,-21,Coworking space,"Space Town, 5th Floor, Sevoke Road 2.5 Mile, Post, near Check",Siliguri
Amplesoft Technologies,5,-19,Software company,"Sahid Bhagat Singh Commercial Complex 1st Floor, 2nd Mile, Sevoke Rd",Siliguri
Sign-In Incubator,,,Business center,"Sarat Bhawan, Baghajatin Rd, opp. SBI Court Branch",Siliguri
Raniganj,,,West Bengal,,Raniganj
Radobiz,5,-13,Training centre,"Vivekananda Sarani, opp. Jubilee Petrol Pump",Raniganj
SPK TechnoSoft Pvt. Ltd.| Best Software Development | website Development | App Development | Digital Marketing | Company.,5,-16,Software company,"OK Rd, near Taj Variety Store",Raniganj
Zebronxt Technologies,4.5,-2,Software company,Grand Trunk Rd,Raniganj
CodeAchi Technologies Pvt. Ltd.,4.4,-86,Software company,"1887, 2nd lane",Raniganj
CodeLane Solutions,,,Software company,"Flat-G/c, Sudha Enclave SB Gorai Rd, Near Gorai Mansion",Raniganj
Prachar More,4.8,-8,Software company,Hutton Rd,Raniganj
Nugin,,,Software company,"1-A, Bhairabnath Apartments, near Shyampur Bazar",Raniganj
Shri Balaji Infinity Solutions,5,-5,Website designer,"Vivekanada Samitee Club, Nutan Para",Raniganj
AWK Solutions,4.3,-12,Software company,"8/24 J.N Das Path, SAIL CO-Operative, City Center",Raniganj
Quantitics Consultancy Private Limited,,,Business management consultant,,Raniganj
Brajesh Technologies,,,Software company,near Gayatri Mandir,Raniganj
XAPIERS TECHNOLOGY PRIVATE LIMITED,5,-8,Software company,"MAMC Township, B2-97/3",Raniganj
Xplorbuzz Private Limited,5,-9,Software company,"Module 6, Webel IT Park (Phase - II), Palashdiha",Raniganj
"Entrepreneurship Development Cell, NIT Durgapur (EDC NITD)",4.6,-8,Corporate office,"Room 3B, SN Bose Memorial Building, NIT, Mahatma Gandhi Rd",Raniganj
V,3,-4,Corporate office,,Raniganj
Gocatchy,,,Computer support and services,,Raniganj
Mediaffix,,,Marketing agency,"MWVR+4VW, Gr. Floor, Ashoka Residency, Vidya Sagar Sarani, Rd Number 8",Raniganj
Startup Biz Solution,,,Software company,"RC3W+2HW, c/o S. P. Keshri, JC Mallick Rd",Raniganj
Staff Centre (Silicon Valley),4.8,-5,Housing complex,,Raniganj
Infinity Web Technology,5,-2,Software company,iwt,Raniganj
Swadesh Softwares Pvt. Ltd - Custom Software Development Company in Durgapur,4,-186,Software company,"UCP, 016, Ambedkar Sarani",Raniganj
RL Infocomm Pvt Ltd,4.1,-65,Software company,180 KM GT Road Near Indian Oil Petrol Pump Indo American More,Raniganj
Static Startup,5,-1,E - Commerce Agency,"Vivekananda Sarani, opp. Jubilee Petrol Pump",Raniganj
Startup India,,,Business development service,"MXG9+PF6, S. B. Gorai Road Paschim Barddhaman, West Bengal Kalibari More",Raniganj
Grow Build Business Development Agency,5,-6,Business development service,"9, 5, Sukanta Pally Rd",Raniganj
Sociobox,,,,"13, Matangini Hazra Bithi",Raniganj
Officepro Enterprises,,,Software company,"Zero Point, DVC",Raniganj
AGRI BUSINESS INCUBATION FOUNDATION IIT Kharagpur,,,Corporate office,"Indian Institute of Technology, Kharagpur, Agriculture & Food Engineering",Kharagpur
FOCUS INCUBATION CENTRE,4.3,-3,Textile Exporter,"STEP) Indian Institute of Technology, Science & Technology Entrepreneurs' Park",Kharagpur
Sabak Digital Learning Platform Pvt Ltd,,,Corporate office,"88C5+WQ4, STEP IIT",Kharagpur
Magnox Technologies Pvt. Ltd.,,,Employment agency,"Indian Institute of Technology, Kharagpur, Science and Technology Entrepreneurs Park",Kharagpur
Technology Robotix Society,4.5,-30,Student union,"8892+CVX, Technology Students' Gymkhana,",Kharagpur
Alive Home Technologies Private Limited,4.4,-19,Electronics Company,"Innovation lab, RMSoEE, IIT Kharagpur, in front of SBI",Kharagpur
PROFICIENT VISIONS SOLUTIONS PRIVATE LIMITED,4,-2,Software company,"Plot No. 160-C, Ward No. 34, Kharagpur Municipality Yogananda Arogya Bhawan",Kharagpur
DSBD BIZCO,,,Consultant,"Kachi Saloon, Anjali Kutir, Oriyapara Sarathpalli, Near Bidisha Flat, Lane, Jafala Rd",Kharagpur
Rajendra Mishra School Of Engineering Entrepreneurship,4.5,-15,University department,"88C5+VQX, SH 5",Kharagpur
ANA & CO. - Consultants,5,-8,Accounting firm,opp. Mangalika Hall,Kharagpur
Zelence Industries Pvt. Ltd.,4.9,-98,Corporate office,"Indian Institute of Technology, Kharagpur, Science and Technology Entrepreneurs Park",Kharagpur
Startuptalky,3.7,-3,Advertising agency,"88C4+XF8, SH 5",Kharagpur
"Centre of Excellence in Advanced Manufacturing Technology, IIT Kharagpur",4.8,-19,Industrial consultant,Deesha Seema,Kharagpur
"Indian Institute of Technology, Kharagpur",4.6,"-4,298",Technical university,,Kharagpur
"IIT Kharagpur, Main Academic Building",4.6,-385,Education Councils & Boards Office,8895+RWX,Kharagpur
SASHRIKA CREATION,4.8,-9,Clothing store,"SASHRIKA CREATION, Srikrishnapur Halderpara",Kharagpur
SDY & Co Chartered Accountants,5,-29,Certified public accountant,"1st Floor, Sai Complex, Kharagpur City Rd",Kharagpur
Kharagpur,,,West Bengal,,Kharagpur
SMFG India Credit Co. Ltd.,3,-2,Financial institution,"M S Tower 1 Second Floor, Kharagpur City Rd",Kharagpur
Instahut,4.1,-252,Restaurant,"NORTH, near Bangabani Club",Kharagpur
Science & Technology Entrepreneurs' Park,4.6,-17,Research and product development,"Vill:- Gopali P.O:- Salua P.S:- Kharagpur(L) G.P:- Gopali 5 No, Kharagpur",Kharagpur
SkinCurate Research Private Limited,,,Research institute,"298, 250, Malancha Main Rd",Kharagpur
ECELL,,,Non-profit organization,,Kharagpur
Eazy Startups,5,16,Chartered accountant,Howrah,Howrah
Startup Biz Solution,,,Software company,Howrah,Howrah
Mogoj Software Private Limited,,,Software company,Howrah,Howrah
MiliSync,5,1,Software company,Howrah,Howrah
Promotion Monster,5,15,Website designer,Howrah,Howrah
Intelliar Tech Labs Private Limited,4.1,8,Software company,Howrah,Howrah
Boldink Technologies Private Limited,,,Software company,Howrah,Howrah
Leopardmob,4.3,3,Software company,Howrah,Howrah
"INQXN School | Startup Service Portal | Startup Registration Service Kolkata , West Bengal",,,Business school,Howrah,Howrah
FoodApp.in,5,2,Software company,Howrah,Howrah
Adrobit Technologies,4.9,7,Software company,Howrah,Howrah
Digibrens Web Tech,,,Website designer,Howrah,Howrah
AGM Technology,4.7,20,Website designer,Howrah,Howrah
Nasscom Initiative,4.4,298,Coworking space,Howrah,Howrah
Catch the StartupBus,,,Software company,Howrah,Howrah
Finn Act,,,Software company,Howrah,Howrah
Apnim,5,6,Business development service,Howrah,Howrah
Artificer India,5,5,Graphic designer,Howrah,Howrah
Startup Entrepreneurs,,,Coworking space,Hoogly,Hoogly
Divitech Technologies Private Limited,,,Software company,Hoogly,Hoogly
Softsignindia,5,-1,Software company,Hoogly,Hoogly
Catch the StartupBus,,,Software company,Hoogly,Hoogly
Jitesh Patel,5,-2,Software company,Hoogly,Hoogly
SoftWeb Development Technologies,5,-61,Software company,Hoogly,Hoogly
3SA WEBX PRIVATE LIMITED,5,-5,Software company,Hoogly,Hoogly
Wikiance,5,-11,Software company,Hoogly,Hoogly
KRP Solutions (KRP IT SOLUTIONS PRIVATE LIMITED),5,-10,Software company,Hoogly,Hoogly
Haldia Tech Solutions,5,-3,Website designer,Haldia,Haldia
Software Technology Parks of India,2.9,-11,Government office,Haldia,Haldia
Webel IT Park,4.3,-103,Office equipment rental service,Haldia,Haldia
Sagnik Fuel Chain Pvt.Ltd.,5,-24,Diesel fuel supplier,Haldia,Haldia
Global Institute of Science & Technology,4.3,-344,Institute of technology,Haldia,Haldia
Power Plant (Haldia Petrochemicals Ltd.),4,-4,Power station,Haldia,Haldia
Mahindra Finance in Durgachak,,,Financial institution,Haldia,Haldia
DAV Public School - Pre-Primary Unit,4.4,-10,CBSE School,Haldia,Haldia
Haldia,,,West Bengal,Haldia,Haldia
Kendriya Vidyalaya Haldia,4.2,-97,CBSE School,Haldia,Haldia
HALDIA INFORMATION TECHNOLOGIES,4,-4,Software company,Haldia,Haldia
Centre for skilling and technical support,,,Petrochemical engineering service,Haldia,Haldia
Haldia Govt. School Playground,,,Playground,Haldia,Haldia
DARJINC,4.3,23,Aggregate supplier,Darjeeling,Darjeeling
Happy Valley Tea Estate,4.4,"2,227",Garden,Darjeeling,Darjeeling
Startup Karle,,,Business management consultant,Darjeeling,Darjeeling
Darjeeling,,,West Bengal,Darjeeling,Darjeeling
Glenburn Tea Estate,4.8,894,3-star hotel,Darjeeling,Darjeeling
Tumsong Tea Retreat,4.7,41,Resort hotel,Darjeeling,Darjeeling
SPK TechnoSoft Pvt. Ltd.| Best Software Development | website Development | App Development | Digital Marketing | Company.,5,-16,Software company,,Asansol
CodeLane Solutions,,,Software company,,Asansol
V,3,-4,Corporate office,,Asansol
Shri Balaji Infinity Solutions,5,-5,Website designer,,Asansol
BPO Convergence Pvt Ltd,4.2,-521,BPO Company,,Asansol
SmallTownTalks,4.3,-31,Advertising agency,,Asansol
Mediaffix,,,Marketing agency,,Asansol
IT Solution,3.9,-189,Electronics store,,Asansol
Asus Exclusive Showroom - UNITEL,4.9,-307,Computer store,,Asansol
